bairro,bairro_oficial,tem_poligono,registros
ABERTA DOS MORR,ABERTA DOS MORROS,True,219
AUXILIADORA,AUXILIADORA,True,1556
AZENHA,AZENHA,True,1792
BELA VISTA,BELA VISTA,True,1707
BELEM NOVO,BELÉM NOVO,True,2
BELEM VELHO,BELÉM VELHO,True,1
BOA VISTA,BOA VISTA,True,1381
BOM FIM,BOM FIM,True,2044
BOM JESUS,BOM JESUS,True,481
CAMAQUA,CAMAQUÃ,True,1292
CAMPO NOVO,CAMPO NOVO,True,1429
CASCATA,CASCATA,True,201
CAVALHADA,CAVALHADA,True,2754
CEL AP BORGES,CEL. APARICIO BORGES,True,48
CENTRO HISTORIC,CENTRO HISTÓRICO,True,7892
CHACARA PEDRAS,CHÁCARA DAS PEDRAS,True,295
CHAPEU DO SOL,CHAPÉU DO SOL,True,1176
CIDADE BAIXA,CIDADE BAIXA,True,3283
COSTA E SILVA,COSTA E SILVA,True,1199
CRISTAL,CRISTAL,True,1861
CRISTO REDENTOR,CRISTO REDENTOR,True,1823
ESPIRITO SANTO,ESPÍRITO SANTO,True,25
FARRAPOS,FARRAPOS,True,448
FARROUPILHA,FARROUPILHA,True,128
FLORESTA,FLORESTA,True,1457
GLORIA,GLÓRIA,True,604
HIGIENOPOLIS,HIGIENÓPOLIS,True,1131
HIPICA,HÍPICA,True,1234
HUMAITA,HUMAITÁ,True,1937
INDEPENDENCIA,INDEPENDÊNCIA,True,1161
IPANEMA,IPANEMA,True,1011
JAR ITU SABARA,JAR ITU SABARA,False,134
JAR LEOPOLDINA,JARDIM LEOPOLDINA,True,2327
JAR SAO PEDRO,JARDIM SÃO PEDRO,True,256
JARDIM BOTANICO,JARDIM BOTÂNICO,True,1484
JARDIM CARVALHO,JARDIM CARVALHO,True,1600
JARDIM DO SALSO,JARDIM DO SALSO,True,1622
JARDIM EUROPA,JARDIM EUROPA,True,540
JARDIM FLORESTA,JARDIM FLORESTA,True,58
JARDIM ISABEL,JARDIM ISABEL,True,48
JARDIM ITU,JARDIM ITU,True,1310
JARDIM LINDOIA,JARDIM LINDÓIA,True,983
JARDIM SABARA,JARDIM SABARÁ,True,718
LOMBA PINHEIRO,LOMBA DO PINHEIRO,True,1312
MARIO QUINTANA,MÁRIO QUINTANA,True,2030
MEDIANEIRA,MEDIANEIRA,True,714
MENINO DEUS,MENINO DEUS,True,4339
MOINHOS VENTO,MOINHOS DE VENTO,True,1881
MONT SERRAT,MONTSERRAT,True,1801
MORRO SANTANA,MORRO SANTANA,True,2028
NAVEGANTES,NAVEGANTES,True,317
NONOAI,NONOAI,True,1241
PARQUE STA FE,PARQUE SANTA FÉ,True,1807
PARTENON,PARTENON,True,3406
PASSO DA AREIA,PASSO DA AREIA,True,2683
PASSO DAS PEDRA,PASSO DAS PEDRAS,True,1450
PASSO PEDRAS,PASSO DAS PEDRAS,True,84
PETROPOLIS,PETRÓPOLIS,True,5847
PITINGA,PITINGA,True,3
PONTA GROSSA,PONTA GROSSA,True,1
PRAIA DE BELAS,PRAIA DE BELAS,True,399
RESTINGA,RESTINGA,True,4138
RIO BRANCO,RIO BRANCO,True,2817
RUBEM BERTA,RUBEM BERTA,True,2542
SANTA CECILIA,SANTA CECÍLIA,True,618
SANTA M GORETTI,SANTA MARIA GORETTI,True,186
SANTA TEREZA,SANTA TEREZA,True,888
SANTANA,SANTANA,True,2688
SANTO ANTONIO,SANTO ANTÔNIO,True,1450
SAO GERALDO,SÃO GERALDO,True,930
SAO JOAO,SÃO JOÃO,True,1238
SAO SEBASTIAO,SÃO SEBASTIÃO,True,1195
SARANDI,SARANDI,True,2166
SERRARIA,SERRARIA,True,253
SETIMO CEU,SÉTIMO CÉU,True,7
STA ROSA LIMA,SANTA ROSA DE LIMA,True,2164
TERESOPOLIS,TERESÓPOLIS,True,1265
TRES FIGUEIRAS,TRÊS FIGUEIRAS,True,475
TRISTEZA,TRISTEZA,True,1902
VILA ASSUNCAO,VILA ASSUNÇÃO,True,71
VILA CONCEICAO,VILA CONCEIÇÃO,True,15
VILA IPIRANGA,VILA IPIRANGA,True,2085
VILA JARDIM,VILA JARDIM,True,624
VILA NOVA,VILA NOVA,True,2083
VILA SAO JOSE,VILA SÃO JOSÉ,True,267
VL JOAO PESSOA,VILA JOÃO PESSOA,True,134
VL SAO JOSE,VILA SÃO JOSÉ,True,2
